Data,Empresa,T√≠tulo,Local,Descri√ß√£o,N√≠vel,Tipo,Fun√ß√£o,Industria,Link
2022-01-27,Globo,Analista de Dados DMP J√∫nior,"S√£o Paulo, Brasil","Buscamos o novo e o diferente. Queremos a d√∫vida, a tentativa, o debate. Quando erramos, aprendemos com nossos erros e compartilhamos nosso aprendizado.

O real aprendizado acontece quando conhecemos novas ideias, novas pessoas, novas tecnologias. Estar aberto ao outro e √† diversidade √© fundamental para a criatividade, para a tomada de decis√µes, para o crescimento. Na Globo, estimulamos a diversidade de pensamento e de representatividade. Todas as pessoas s√£o bem vindas nos nossos processos e nos nossos times.




Sobre a √°rea: Somos a √°rea de dados respons√°vel por apoiar as necessidades do time de neg√≥cios da Globo! Nosso time √© formado por cientistas, engenheiros e analistas de dados, al√©m de especialistas em segmenta√ß√£o de audi√™ncias, e nossa miss√£o √© aplicar intelig√™ncia aos dados para superar desafios de neg√≥cio.




Como ser√° seu dia a dia:

Apoiar na gest√£o dos segmentos de audi√™ncia da Globo em sua DMP;
Apoiar e capacitar as √°reas de neg√≥cio no uso de DMP, segmentos e dados;
Mapear necessidades dos times e novas demandas.




Do que voc√™ precisa:

Gradua√ß√£o em Marketing ou similares;
Vis√£o anal√≠tica na solu√ß√£o de problemas;
Comunica√ß√£o clara e efetiva;
√ìtima rela√ß√£o interpessoal;




Conhecimentos que te destacam:

Experi√™ncia pr√©via com segmenta√ß√£o de audi√™ncia
Experi√™ncia pr√©via atuando no mercado publicit√°rio digital







Por que vir para Globo:

Agu√ßar a brasilidade em cada detalhe para inspirar e impactar positivamente milh√µes de brasileiros e brasileiras;
Um time incr√≠vel formado por pessoas apaixonadas pelo que fazem, refer√™ncias em suas √°reas de atua√ß√£o, que v√£o impulsionar seu desenvolvimento profissional no dia a dia;
Possibilidade de trabalhar em diferentes produtos e projetos, com diferentes tecnologias e metodologias, tudo em um s√≥ lugar.




Nossos processos seletivos est√£o acontecendo de forma 100% remota e n√≥s encorajamos inscri√ß√µes de qualquer lugar do Brasil e do mundo. #vempraglobo




Seguindo o compromisso de contribuir para um ambiente seguro para nossas pessoas, informamos que a vacina√ß√£o contra a Covid-19 √© uma condi√ß√£o obrigat√≥ria para o trabalho na Globo, presencial ou a dist√¢ncia, e que o comprovante dever√° ser apresentado como pr√©-requisito para a contrata√ß√£o.




Quer saber mais sobre como √© trabalhar na Globo? Vem acompanhar nosso dia a dia, desafios e conquistas nas nossas redes:




https://www.linkedin.com/company/globo

https://www.instagram.com/vempraglobo

https://www.youtube.com/c/VemPraGlobo/

https://stackoverflow.com/jobs/companies/globo




Os seus dados pessoais ser√£o utilizados para fins de sele√ß√£o de candidatos para preenchimento das vagas abertas na Globo. Os dados pessoais coletados durante o processo seletivo dos candidatos que n√£o forem admitidos neste momento poder√£o ser mantidos nos bancos de dados para considera√ß√£o em futuros processos seletivos. Todos os dados coletados ser√£o tratados segundo r√≠gidos padr√µes de seguran√ßa da informa√ß√£o e em total respeito √†s leis de privacidade aplic√°veis, incluindo a Lei 13.709/18, e nos termos de nossa pol√≠tica de privacidade, dispon√≠vel no link:

http://www.vempraglobo.com.br/wp-content/uploads/2021/11/Politica-de-Privacidade-para-Colab-e-Candidatos.pdf.




Ao prosseguir voc√™ est√° ciente e de acordo para realiza√ß√£o de sua candidatura nestes termos.",J√∫nior,Tempo integral,Tecnologia da informa√ß√£o e Outro,Produ√ß√£o e distribui√ß√£o de m√≠dia de transmiss√£o,https://br.linkedin.com/jobs/view/analista-de-dados-dmp-j%C3%BAnior-at-globo-2896663342?refId=KQUEM2bajSw5DQ8WB3eGYw%3D%3D&trackingId=3JqLLv24D78rujKV5NhkVw%3D%3D&position=1&pageNum=0&trk=public_jobs_jserp-result_search-card
2022-02-10,AD Digital,Data Analyst,S√£o Paulo e Regi√£o,"experience as data scientist is a bonus!
English required
- work in partnership with production staff to define how they need information to be processed and cleaned for the decision making;
- consult available databases to make preliminary analyzes and create hypotheses in order to help our team;
- feed the databases with event information.
- explore problems and possibilities to gain insights and discover opportunities for the business;
- To create and measure indicators (KPIs);",J√∫nior,Tempo integral,Tecnologia da informa√ß√£o e Outro,Produ√ß√£o e distribui√ß√£o de m√≠dia de transmiss√£o,https://br.linkedin.com/jobs/view/data-analyst-at-ad-digital-2916466289?refId=KQUEM2bajSw5DQ8WB3eGYw%3D%3D&trackingId=FvpjZxwBiaM4WRMzV%2Bgh3A%3D%3D&position=2&pageNum=0&trk=public_jobs_jserp-result_search-card
2022-01-22,Nomad,Pessoa Analista de Dados J√∫nior,Brasil,"Estamos procurando uma pessoa para integrar o time de dados da Nomad, uma fintech com hyper-growth e a pr√≥xima a revolucionar o mercado financeiro. Essa fun√ß√£o tem papel fundamental no apoio √†s √°reas de neg√≥cio, gerando impacto e valor imediato a partir dos primeiros dias.

Valorizam ambiente din√¢mico - na Nomad temos flexibilidade de propor solu√ß√µes e novos direcionamentos para os desafios estrat√©gicos e isso se reflete na rotina do dia a dia;
Gostam de trabalhar em um ambiente colaborativo e de forma aut√¥noma - os pilares de colabora√ß√£o e auto gerenciamento s√£o fundamentais para dar velocidade e qualidade √†s an√°lises e insights que transformar√£o o neg√≥cio;
Tem o desejo de transformar o neg√≥cio com dados - dados s√£o a chave para garantir a efetividade das estrat√©gias de crescimento e voc√™ ser√° pe√ßa fundamental para atingir para esse resultado;
Valorizam as diferen√ßas e respeitam todas as pessoas - somente um ambiente diverso pode produzir solu√ß√µes mais ricas e completas para todos os envolvidos;
Fazem acontecer - Tem iniciativa para idealizar, propor e implementar solu√ß√µes aos desafios do dia a dia;
Causam impacto - Querem participar de uma empresa em est√°gio de crescimento acelerado, gerando impacto direto nos resultados.

Responsabilidades e atribui√ß√µes

Nosso Dia a Dia Em Dados

A possibilidade de estar entre as primeiras pessoas de dados nas √°reas de neg√≥cio;
Acesso a muitos dados (muitos mesmo!) e possibilidades ilimitadas de gera√ß√£o de insights e an√°lises;
Ambiente data-driven - gostamos de dados e modelos que sirvam de embasamento para qualquer tomada de decis√£o;

Na Nomad, Sua Responsabilidade Ser√°

Auxiliar na cria√ß√£o de dashboards e visualiza√ß√µes de dados sobre os principais KPIs
Analisar resultados e gerar insights acion√°veis para √°reas de neg√≥cio da empresa;
Fazer consultas nos bancos de dados buscando enriquecer an√°lises e discuss√µes de resultados;

Requisitos e qualifica√ß√µes

O que esperamos de voc√™ ou que voc√™ desenvolva junto √† n√≥s:

SQL, ferramentas de visualiza√ß√£o de dados (Tableau, Looker, QuickSight, etc.);
Disposi√ß√£o a riscos;
Humildade de reconhecer que ainda temos muito a aprender sobre nossos clientes e sobre nosso mercado (disponibilidade dados e aus√™ncia de politicagem s√£o alguns exemplos).

Ser√° Um Diferencial Se Voc√™ Tiver

Experi√™ncia em fintechs;
Familiaridade com o ambiente de startup.

Informa√ß√µes adicionais

A Nomad √© uma empresa que est√° crescendo e trabalha para manter diversidade, transpar√™ncia e coopera√ß√£o como pilares para a constru√ß√£o do nosso time, pois n√≥s pensamos que ter diferentes pontos de vista e experi√™ncias √© o que faz do nosso time ser vers√°til, flex√≠vel, questionador e solucionador de problemas.

Todas as nossas vagas est√£o abertas para pessoas com ou sem defici√™ncia.",N√£o aplic√°vel,Tempo integral,Tecnologia da informa√ß√£o,Bancos,https://br.linkedin.com/jobs/view/pessoa-analista-de-dados-j%C3%BAnior-at-nomad-2889403347?refId=KQUEM2bajSw5DQ8WB3eGYw%3D%3D&trackingId=8sB3QiSlYx2EY6AaYHzQZQ%3D%3D&position=3&pageNum=0&trk=public_jobs_jserp-result_search-card
2021-11-01,Ita√∫ Unibanco,Analista de Dados,"S√£o Paulo, SP","Como √© o ambiente de trabalho?

O Que Nos Move

Entender melhor a jornada do cliente atrav√©s de dados e informa√ß√µes
Aumentar e fomentar o mindset data-driven na comunidade
Simplificar a jornada de renegocia√ß√£o oferecendo o melhor canal e experi√™ncia

Responsabilidades da Oportunidade

T√° bom, mas como vai ser o dia a dia...

Desenhar solu√ß√µes de extra√ß√£o, tratamento e visualiza√ß√£o de dados relevantes aos neg√≥cios.
Realizar an√°lises/estudos, propor e estruturar novas estrat√©gias e solu√ß√µes de neg√≥cio.
Alinhamento e parceria com stakeholders na elabora√ß√£o de diagn√≥sticos, definindo hip√≥teses e elaborando business cases.
Apoio em discuss√µes sobre a estrat√©gia e uso de dados para o todos Ecossistema.

Requisitos

Para a m√°gica acontecer precisamos que voc√™ se veja nas caracter√≠sticas abaixo:

Sou pragm√°tica(o) e n√£o tomo nenhuma decis√£o sem ver os n√∫meros.
Domino o SAS, Excel, Hadoop e Tableau (at√© Phyton eu conhe√ßo, vai que um dia eles precisam!)
J√° criei v√°rias an√°lises robustas e estrat√©gicas na minha carreira.
Sou organizada(o) e tenho senso de dono pra trabalhar com autonomia.
Lido bem (e gosto) de um ambiente com ritmo acelerado",N√£o aplic√°vel,Tempo integral,Tecnologia da informa√ß√£o,"Servi√ßos e consultoria de TI, Desenvolvimento de software e Publica√ß√£o na Internet",https://br.linkedin.com/jobs/view/analista-de-dados-at-ita%C3%BA-unibanco-2814600557?refId=KQUEM2bajSw5DQ8WB3eGYw%3D%3D&trackingId=uwBv1UkyqxaOQeVxabMfPQ%3D%3D&position=4&pageNum=0&trk=public_jobs_jserp-result_search-card
2022-01-25,Sicredi,Analista de Dados Jr,Porto Alegre e Regi√£o,"Job description Integrar o time de Engenharia de Dados de Cr√©dito significa incorporar a cultura data-driven no dia a dia. Nosso intuito √© gerar insights baseados em dados, garantir um olhar amplo que seja cross a todas as √°reas da diretoria e direcionar a constru√ß√£o de planos e a√ß√µes relevantes para a estrat√©gia do Sicredi. Temos contato cont√≠nuo com outras √°reas, uma vez que nossas entregas s√£o articuladas em conjunto, ent√£o temas e grupos de trabalho podem variar de tempos em tempos. Nos envolvemos em v√°rias etapas dos estudos, passando pela compreens√£o do assunto, elabora√ß√£o de perguntas-chave, busca por dados relevantes, estrutura√ß√£o dos dados, an√°lise dos dados e apresenta√ß√£o dos resultados. Main responsibilities Requirements and skills

Gostar de desenvolver trabalhos multidisciplinares, com desenvolvimento e entrega coletivos, mas ao mesmo tempo com autonomia;
As forma√ß√µes indicadas s√£o Estat√≠stica, Matem√°tica, Ci√™ncias Cont√°beis e Atuariais, Engenharias, Economia, Tecnologia e afins, mas o imprescind√≠vel √© ter pensamento anal√≠tico;
Desej√°vel experi√™ncia em an√°lise de dados, monitoramento de indicadores e desenvolvimento de estudos AD-HOCs;
Desej√°vel experi√™ncia em linguagens de programa√ß√£o tais como: SAS, SQL, R e Python;
Desej√°vel conhecimento de ferramentas de visualiza√ß√£o de dados, como Power BI;
Conhecimentos de Mercado Financeiro e Cr√©dito.

Somos o Sicredi, a primeira Institui√ß√£o Financeira Cooperativa do Brasil

Nosso prop√≥sito √© construir juntos uma sociedade mais pr√≥spera.

Somos a primeira institui√ß√£o financeira cooperativa do Brasil e constru√≠mos a cada dia o relacionamento com nossos colaboradores, associados e comunidade. Porque para n√≥s, as pessoas est√£o no centro de tudo. Geramos impacto positivo em toda a sociedade, acreditamos na transforma√ß√£o e valorizamos o desenvolvimento das nossas equipes.

Somos empreendedores

Estamos presentes em aproximadamente 1,5 mil munic√≠pios do Brasil, gerando impacto positivo aos nossos associados e √† sociedade. Nosso ciclo virtuoso contribui para o desenvolvimento das comunidades onde atuamos

Estamos presentes em aproximadamente 1,5 mil munic√≠pios do Brasil, gerando impacto positivo aos nossos associados e √† sociedade. Nosso ciclo virtuoso contribui para o desenvolvimento das comunidades onde atuamos

Somos inovadores

Aprendemos todos os dias. Com cada relacionamento, com cada desafio, em cada novo cen√°rio. Em iniciativas que mant√™m viva a ess√™ncia do cooperativismo.

Aprendemos todos os dias. Com cada relacionamento, com cada desafio, em cada novo cen√°rio. Em iniciativas que mant√™m viva a ess√™ncia do cooperativismo.

Somos diferentes

Nosso modelo cooperativo √© o diferencial do nosso neg√≥cio. Por meio dele, proporcionamos a melhor experi√™ncia para nossos mais de 5 milh√µes de associados.

Nosso modelo cooperativo √© o diferencial do nosso neg√≥cio. Por meio dele, proporcionamos a melhor experi√™ncia para nossos mais de 5 milh√µes de associados.

Somos humanos

Entendemos a diversidade e a inclus√£o como fundamentais para o desenvolvimento da sociedade. Por isso, procuramos ser cada vez mais diversos. Para que mais pessoas possam ter orgulho do que fazemos juntos.

Entendemos a diversidade e a inclus√£o como fundamentais para o desenvolvimento da sociedade. Por isso, procuramos ser cada vez mais diversos. Para que mais pessoas possam ter orgulho do que fazemos juntos.

Somos o Sicredi

H√° 119 anos, nos reinventamos a cada dia. Nos desafiamos em tudo o que fazemos. Somos impulsionados pelo trabalho de cada uma das nossas pessoas, que contribui para construirmos juntos uma sociedade mais pr√≥spera.

H√° 119 anos, nos reinventamos a cada dia. Nos desafiamos em tudo o que fazemos. Somos impulsionados pelo trabalho de cada uma das nossas pessoas, que contribui para construirmos juntos uma sociedade mais pr√≥spera.

Buscamos pessoas que queiram fazer parte dessa constru√ß√£o. Que tal ser uma delas?

Conhe√ßa mais sobre n√≥s

Website
LinkedIn
Facebook
Instagram

Apply!

Open for applications until: 11/02/2022",J√∫nior,Tempo integral,Tecnologia da informa√ß√£o,Servi√ßos financeiros,https://br.linkedin.com/jobs/view/analista-de-dados-jr-at-sicredi-2893324867?refId=KQUEM2bajSw5DQ8WB3eGYw%3D%3D&trackingId=giGTKK75mO9xRcJLv8HWmg%3D%3D&position=5&pageNum=0&trk=public_jobs_jserp-result_search-card
2022-02-07,Zurich Santander Insurance America,Analista de Dados J√∫nior,"S√£o Paulo, SP","Criada em 2011, a Zurich Santander Insurance America √© uma joint venture entre os grupos Zurich e Banco Santander, dois dos maiores conglomerados do mundo nos setores de seguros e financeiro. Com um dos portf√≥lios mais amplos de seguros do mercado, comercializamos nossos produtos atrav√©s do canal de vendas do banco Santander Brasil, M√©xico, Chile, Argentina e Uruguai.




Na ZS nos preocupamos em manter um ambiente que contemple a diversidade. S√£o oferecidas oportunidades iguais e todos os candidatos s√£o considerados qualificados para as vagas, sem discrimina√ß√£o por motivos de defici√™ncia, sexo ou orienta√ß√£o sexual, gravidez ou licen√ßa-maternidade, ra√ßa ou origem nacional ou √©tnica, idade, religi√£o ou cren√ßa, identidade de g√™nero, estado civil, status de veterano protegido (se aplic√°vel) ou qualquer outra caracter√≠stica protegida por lei.




Se voc√™ √© uma pessoa inovadora, din√¢mica, proativa, gosta de desafios e trabalha bem em equipe, aqui √© o seu lugar!




DESAFIOS:

Apoiar no aumento da efici√™ncia por meio de automa√ß√µes com a finalidade de reduzir riscos operacionais.




PRINCIPAIS RESPONSABILIDADES:

Compreender os processos e necessidades dos clientes internos e apoiar no desenvolvimento de solu√ß√µes de automa√ß√£o para otimiza√ß√£o de processos e redu√ß√£o de riscos operacionais.
Automatizar processos em Excel/PowerPoint.
Converter c√≥digo SAS em Python/Spark.
Manipular e minerar base de dados.




REQUISITOS E HABILIDADES NECESS√ÅRIAS:

Forma√ß√£o Superior em Estat√≠stica, Ci√™ncia da Computa√ß√£o, Matem√°tica, F√≠sica ou √°reas correlatas.
Conhecimento avan√ßado noPacote Office (Word, Excel e PowerPoint).
Essencial conhecimento em programa√ß√£o (Python/SAS/R ou SQL).
P√≥s-gradua√ß√£o ou conhecimento de ambiente de Big Data ou MicroStrategy/Power BI ser√° um diferencial.




HABILIDADES E COMPET√äNCIAS:

Proatividade.
Habilidade em negocia√ß√£o.
Orienta√ß√£o para resultados.
Forte capacidade de relacionamento.
Racioc√≠nio anal√≠tico.
Trabalho em equipe.",J√∫nior,Tempo integral,Tecnologia da informa√ß√£o,Seguros,https://br.linkedin.com/jobs/view/analista-de-dados-j%C3%BAnior-at-zurich-santander-insurance-america-2908061302?refId=KQUEM2bajSw5DQ8WB3eGYw%3D%3D&trackingId=IIut1jyqErhpkIzObs8e5g%3D%3D&position=6&pageNum=0&trk=public_jobs_jserp-result_search-card
2022-01-21,PicPay,Analista de Dados | Super App,"S√£o Paulo, SP","JOB DESCRIPTION

Direcionar um ou mais clientes internos em diversos projetos de Analytics e Insights, atrav√©s das metodologias de Storytelling e Frameworks the guided analytics. Entender profundamente o neg√≥cio para definir as an√°lises necess√°rias, com o suporte dos demais analistas.

Voc√™ ser√° a ""cara"" de dados para os clientes internos e deve ser capaz de entender e planejar a entrega de todas as suas requisi√ß√µes no curto e m√©dio prazos, com suporte m√≠nimo da lideran√ßa de dados.

MAIN RESPONSIBILITIES

Desenvolvimento de solu√ß√µes de Self - Service de dados;
An√°lises explorat√≥rias, descritivas e prescritivas end-to-end;
Dashboards para Guided Analytics;
Suporte a tomada de decis√£o;
Ponto de contato (BP) com times de neg√≥cio, squads e/ou lideran√ßa;
Prioriza√ß√£o de demandas;
Identifica√ß√£o de oportunidade de projetos;
Projetos Internos de dados.


REQUIREMENTS AND SKILLS

Estat√≠stica Avan√ßada | An√°lise Descritiva, probabilidade, inferencia, bootstrapping, testes de hip√≥tese, regress√£o, modelagem e m√©todos;
Data Visualization | Drill down e Roll up, slice & dice, LOD;
Storytelling | Frameworks de analise, sumariza√ß√£o de problemas, usecases, personas;
Logica de Programa√ß√£o | Escrever e revisar queries em banco de dados, usar parametros, cirar vari√°veis;
SQL | Porque dado em planilha √© coisa do passado;
Looker, Metabase ou outras plataformas de Self-Service de dados | Pra se colocar sempre no lugar do cliente;
Tableau, PowerBi ou outras ferramentas de Data Visualisation | Ningu√©m aguenta mais tabel√£o e flat file;
Python ou R | Pra quando a coisa fica bem s√©ria.


Nossa miss√£o √© deixar a vida das pessoas mais f√°cil todos os dias, e voc√™ pode fazer parte disso! üöÄ

Fundado em Vit√≥ria (ES) em 2012, o PicPay √© uma empresa de tecnologia que nasceu para tornar a vida financeira mais f√°cil ao reinventar a forma como as pessoas lidam com dinheiro, fazem compras e se comunicam. Em 2015, a empresa foi investida pelo grupo J&F, um dos maiores conglomerados empresariais do Brasil.

Atualmente, como o super app brasileiro com maior n√∫mero de usu√°rios ‚Äî 60 milh√µes ‚Äî, o PicPay busca oferecer produtos e servi√ßos para todos os momentos do dia a dia dos clientes, combinando os benef√≠cios de cinco frentes em uma √∫nica plataforma: social, carteira digital, marketplace financeiro, PicPay Store e an√∫ncios.

Nossa cultura √© nosso filtro!

Nossos valores, s√£o nossos guias para tomada de decis√µes. S√£o eles: Atitude de Dono, Disciplina, Determina√ß√£o, Disponibilidade, Simplicidade, Humildade e Franqueza.

Nossas cren√ßas!

Somos uma equipe diversa conectada pelos mesmos valores, e para cumprirmos essa miss√£o, acreditamos que a diversidade √© fundamental nessa jornada. O respeito, a √©tica, a busca pela equidade e a valoriza√ß√£o da pluralidade s√£o elementos inegoci√°veis e fazem parte da pr√°tica do nosso dia a dia aqui no PicPay.

Nossos grupos de afinidades como o Afro (pessoas pretas), Inclui (pessoas com defici√™ncia), Pride (LGBTQIA+) e Elas Que Lutem Juntas (mulheres), desenvolvem projetos e treinamentos recorrentes, al√©m de a√ß√µes estruturantes para que nosso ambiente tenha mais seguran√ßa e inclus√£o.

Por isso, nossas vagas est√£o abertas para todas as pessoas, independente de g√™nero, religi√£o, etnia, defici√™ncia, idade, orienta√ß√£o sexual ou qualquer outro fator.

E o mais importante! Nossa equipe √© apaixonada pelo que faz, por isso somos PicPay Lovers. Vem fazer parte dessa jornada! üíö

Benef√≠cios para os PicPay Lovers:

Sa√∫de e Bem-estar: Al√©m de Assist√™ncia M√©dica e Odontol√≥gica, oferecemos Seguro de Vida e o PicPay Acolhe, um programa que cuida de voc√™ e seus familiares, com apoio jur√≠dico, social, psicol√≥gico e financeiro. E claro, n√£o podemos esquecer da nossa parceria com a Gympass.

Somos flex√≠veis: Por meio de um cart√£o de cr√©dito, bandeira Visa, voc√™ recebe seu saldo de Alimenta√ß√£o ou Refei√ß√£o e Mobilidade, com a op√ß√£o de escolher o melhor uso do seu saldo.

Licen√ßa Paternidade e Maternidade: Sabemos que esse √© um momento especial para uma fam√≠lia, e por isso oferecemos Licen√ßa Maternidade estendida de 6 meses, e de Paternidade tamb√©m estendida de 20 dias.

Reconhecemos resultados: PPR - Participa√ß√£o nos Resultados do PicPay.

Quer conhecer mais um pouco e estar sempre conectado com o PicPay? Acompanhe nossas redes sociais. üåé

Website
LinkedIn
Facebook
Instagram
Glassdoor",Assistente,Tempo integral,Tecnologia da informa√ß√£o,Servi√ßos financeiros,https://br.linkedin.com/jobs/view/analista-de-dados-super-app-at-picpay-2829865373?refId=KQUEM2bajSw5DQ8WB3eGYw%3D%3D&trackingId=21w9DoG6rsCmQlAsbC3Q1g%3D%3D&position=7&pageNum=0&trk=public_jobs_jserp-result_search-card
2022-01-20,Assa√≠ Atacadista,Analista de Dados J√∫nior,"S√£o Paulo, Brasil","Somos uma empresa que cuida da Nossa Gente, zela pela simplicidade, valoriza o Ser Humano e acredita no poder da diversidade e inclus√£o. Estamos com uma posi√ß√£o de Analista de Dados J√∫nior, tamb√©m aberta para inscri√ß√£o de Pessoa com Defici√™ncia

J√° pensou em trabalhar na empresa de atacado de autosservi√ßo que mais cresce no Brasil, uma das maiores empregadoras do pa√≠s, que tamb√©m carrega uma das Marcas Mais Valiosas? E com o nosso processo de expans√£o acelerado estamos crescendo e trazendo cada vez mais pessoas para fazerem parte do nosso time.

Afinal, o crescimento do nosso neg√≥cio significa o crescimento da Nossa Gente

#vemSerAssa√≠

Responsabilidades e atribui√ß√µes

Executar os projetos do Plano Anual de Auditoria Interna, dentro do tempo or√ßado e na qualidade de acordo com a metodologia da auditoria interna do Assa√≠;
Desenvolver scripts automatizados para extra√ß√£o de dados;
Implementar rotinas peri√≥dicas de an√°lises de exce√ß√µes;
Realizar publica√ß√£o dos resultados obtidos atrav√©s de ferramentas de dashboard;
Elaborar os pap√©is de trabalho das miss√µes, garantindo a integridade e assertividade nas conclus√µes; e
Realizar reuni√µes de conclus√£o da miss√£o, junto as √°reas auditadas, com o intuito de apresentar o resultado obtido.

Requisitos e qualifica√ß√µes

Ensino superior completo em Ci√™ncias da Computa√ß√£o, Processamento de Dados, An√°lise de Sistemas, Engenharia da Computa√ß√£o ou √°reas correlatas;
Especializa√ß√£o em Ci√™ncia Dados / Engenharia de Dados, Data Analytics ou afins (Desej√°vel);
Conhecimento na gest√£o de projetos aplicando Agile;
Experi√™ncia com ferramenta de an√°lise de dados ACL;
Experi√™ncia com ferramenta de dashboard (Power BI, Tableau);
Conhecimento de ERP de front e back office (Ex.: SAP);
Experi√™ncia com banco de dados: Microsoft SQL Server, Oracle;
Viv√™ncia em gest√£o de projetos em √°reas como: Opera√ß√£o de lojas, Compras, Financeiro, RH, Tesouraria, Marketing, TI, entre outras;
Conhecimento em Frameworks de Auditoria Interna em geral (IIA) e de controle interno (COSO);
Experi√™ncia com Auditoria Cont√≠nua

Informa√ß√µes adicionais

Benef√≠cios

Assist√™ncia M√©dica;

Assist√™ncia Odontol√≥gica;

Participa√ß√£o de Resultados (PPR);

Conv√™nio com Academias;

Compra com desconto em nossas lojas se utilizar o cart√£o da empresa;

Cart√£o Cesta B√°sica;

Estacionamento gratuito.

DESENVOLVIMENTO PROFISSIONAL

Universidade Assa√≠ que oferece cursos online que abrangem todos os cargos;

Programa de Gest√£o de Carreiras do Assa√≠ para os colaboradores;

Processo de Sele√ß√£o Interna para que os colaboradores possam ocupar outros cargos e/ou em outras √°reas do Assa√≠.

ÔªøLOCAL DE TRABALHO: Avenida Aricanduva, 5.555 ‚Äì Matriz Assa√≠ Atacadista

Todos os nossos processos seletivos s√£o totalmente online;

O Assa√≠ tem acessibilidade para Pessoa com Defici√™ncia",N√£o aplic√°vel,Tempo integral,Tecnologia da informa√ß√£o,Varejo,https://br.linkedin.com/jobs/view/analista-de-dados-j%C3%BAnior-at-assa%C3%AD-atacadista-2886429697?refId=KQUEM2bajSw5DQ8WB3eGYw%3D%3D&trackingId=CEk07sm8SMytgscwvDt0hQ%3D%3D&position=8&pageNum=0&trk=public_jobs_jserp-result_search-card
2022-02-07,Azos,Analista de Dados Jr. - Remoto,"S√£o Paulo, SP","Na sua vida, tem algu√©m que voc√™ gostaria muito de sempre proteger? Se voc√™ pensou em algu√©m, muito provavelmente voc√™ precisa de um seguro de vida.

Um seguro de vida n√£o vai proteger as pessoas que voc√™ ama como voc√™ protegeria, mas ele tem a fun√ß√£o de garantir que os sonhos e os planos dessas pessoas continuem, mesmo que voc√™ n√£o esteja mais aqui.

E √© por isso que estamos aqui. Criamos um seguro de vida feito para ser pago, feito para honrar sua confian√ßa, feito para voc√™. Se todo mundo precisa de um seguro, n√≥s chegamos para democratizar esse acesso e revolucionar a forma como as coisas s√£o feitas. Chegamos para simplificar, para facilitar o acesso ao seguro de vida!

N√≥s somos a Azos, viemos para proteger os sonhos das fam√≠lias brasileiras.

____________________________________________________________

Na √°rea de dados voc√™ far√° parte de um time que ir√° construir a arquitetura de dados, utilizando abordagens e tecnologias inovadoras do mercado. Tamb√©m apoiar√° a cria√ß√£o de uma plataforma de produtos em realtime.

Como Analista de Dados Jr. voc√™ ser√° respons√°vel por:

Coletar e converter dados em insights para tomadas de decis√µes relacionados a pessoas na organiza√ß√£o;
Desenvolver solu√ß√µes t√©cnicas e automatiza√ß√µes dos conjuntos e estrutura de dados;
Tratamento de base de dados;
Construir dashboards, storytelling e indicadores utilizando ferramentas de BI;
Automa√ß√£o de relat√≥rios e base de dados;
Manuten√ß√£o de dashboards descritivos e preditivos;
Identificar oportunidades para gerar e aprimorar solu√ß√µes, conectando as novas t√©cnicas anal√≠ticas dispon√≠veis (no mercado inclusive).

Importante voc√™ saber/ter:

Experi√™ncia em projetos focados em an√°lise de dados;
Conhecimentos em linguagens de programa√ß√£o voltadas para an√°lise de dados (Python ou R);
Conhecimentos a n√≠vel de consultas em banco de dados relacionais (SQL);
Conhecimentos em estat√≠stica;
Experi√™ncia em ferramenta de visualiza√ß√£o de dados (Power Bi).

Seria legal se tivesse:

Conhecimentos em AirFlow;
Conhecimentos em banco de dados n√£o relacionais (MongoDB);
Experi√™ncia com Git;

Nossos Benef√≠cios:

Aqui voc√™ √© literalmente dono do neg√≥cio, com possibilidade de planos de stock options;
Voc√™ pode optar por trabalhar nos nossos escrit√≥rios em Belo Horizonte e S√£o Paulo, ou remotamente de qualquer lugar do mundo! E melhor ainda, voc√™ pode usar a Beer or Coffee e encontrar um escrit√≥rio bem pertinho de voc√™;
Para facilitar o seu trabalho remoto, conte com o nosso aux√≠lio home office e aux√≠lio setup;
Temos benef√≠cios flex√≠vel, para usar no supermercado, refei√ß√£o, com aquele delivery no final do dia, com cultura, educa√ß√£o ou com o que bem entender;
O nosso plano de sa√∫de tem cobertura Nacional na modalidade apartamento, para voc√™ e seus dependentes. Contando ainda com o apoio 24/7 da Pipo Sa√∫de;
Gympass;
Seguran√ßa para voc√™ e sua fam√≠lia, com o nosso Seguro de Vida - afinal it's what we do ;)
Day off de anivers√°rio para voc√™ curtir o seu dia fazendo o que mais ama;
E principalmente, voc√™ vai trabalhar com um time incr√≠vel, de √≥timas pessoas, com uma energia l√° em cima e com muita vontade de mudar o mundo dos seguros. E se isso n√£o for o bastante, voc√™ vai escutar muito ""Uai"", ""Tem base um trem desse n√£o"" , Oxe, ""Meu"", e assim por diante...",N√£o aplic√°vel,Tempo integral,Tecnologia da informa√ß√£o,Seguros,https://br.linkedin.com/jobs/view/analista-de-dados-jr-remoto-at-azos-2911868485?refId=KQUEM2bajSw5DQ8WB3eGYw%3D%3D&trackingId=5%2Frsp96qm9LNaW7v8W1B8Q%3D%3D&position=9&pageNum=0&trk=public_jobs_jserp-result_search-card
2022-02-09,Valor Investimentos,Analista de Dados J√∫nior,"Vit√≥ria, ES","A Valor Investimentos, escrit√≥rio credenciado √† XP e com mais de 7 bi sob cust√≥dia, est√° abrindo uma vaga de Analista J√∫nior de Dados. N√£o esperamos que voc√™ seja efetivamente um Cientista de Dados, mas que voc√™ goste muito da tem√°tica e j√° esteja buscando se desenvolver nesse caminho.

Voc√™ vai precisar de ter muita disciplina e foco, pois o seu principal papel ser√° cuidar de todo o processo de dados da √°rea de Marketing da empresa. Entender que a qualidade dos dados apresentados no final depende do que est√° sendo inserido no come√ßo (exportado do Google Ads, Facebook, inseridos manualmente...) e como est√° sendo manipulado ao longo do processo (seja em CRMs ou outros sistemas), at√© chegar o momento de reportar em dashboards como Power BI e similares.

Em outras palavras, o Analista tem como miss√£o ajudar a coletar, curar, transformar e disponibilizar relat√≥rios com grande variedade e volume de dados, modelar dados para relat√≥rios t√©cnicos e de neg√≥cio, cria√ß√£o (Front + Back) de sites, blogs e Landing Pages personalizadas, ajudar na cria√ß√£o de KPIs de monitoramento de nossos produtos e servi√ßos, participando como agente ativo na identifica√ß√£o e predi√ß√£o de problemas e pontos de melhorias nos processos da Valor.

Por isso, buscamos pessoas com muita vontade de aprender, com bom racioc√≠nio l√≥gico e que saibam se comunicar de forma clara (tanto escrita como verbalmente).

Requisitos:

Ensino superior completo ou cursando nas √°reas de tecnologia da informa√ß√£o, engenharia de redes e √°reas afins, desde que esteja a pelo menos um ano da forma√ß√£o.
Excel intermedi√°rio;
Leitura Ingl√™s;
Experi√™ncia em linguagem de programa√ß√£o Python;
Conhecimento b√°sico de PHP, CSS e HTML.

Ser√° um diferencial se voc√™:

Tem familiaridade com ferramentas de visualiza√ß√£o de dados como Power BI ou outro sistema de an√°lise de dados;
Tem familiaridade com sistemas e dados como Google Analytics, Search Console, Facebook Ads e similares;
Dom√≠nio em Wordpress;
Conhecimento b√°sico em React;
Tem familiaridade com sistemas de CRM e organiza√ß√£o de dados;
Tem familiaridade com mapeamento de processos;
Tem no√ß√µes de seo t√©cnico, principalmente web core vitals;
Tem conhecimento intermedi√°rio em estat√≠stica;
Tem conhecimento em integra√ß√µes via APIs.

A vaga √© preferencialmente presencial em Vit√≥ria-ES, mas somos adeptos ao home-office!

#FA√áAPARTEDESSETIME!",N√£o aplic√°vel,Tempo integral,Tecnologia da informa√ß√£o,Mercados de capital,https://br.linkedin.com/jobs/view/analista-de-dados-j%C3%BAnior-at-valor-investimentos-2914284568?refId=KQUEM2bajSw5DQ8WB3eGYw%3D%3D&trackingId=7ZUpjdwKLCc3%2BkH89gJmKA%3D%3D&position=10&pageNum=0&trk=public_jobs_jserp-result_search-card
2022-02-10,QuintoAndar,Data Analyst,"S√£o Paulo, SP","Description

Proteja-se do Coronavirus

Com a propaga√ß√£o cada vez mais r√°pida do novo Coronav√≠rus (Covid-19) n√≥s priorizamos a seguran√ßa de colaboradores, parceiros, clientes e candidatos. Por isso, todos os nossos times est√£o trabalhando de casa. Al√©m disso, adaptamos tamb√©m o processo seletivo de todas as nossas oportunidades para que voc√™ possa realizar as etapas sem sair de casa e se mantendo em seguran√ßa.

Sobre o QuintoAndar:

O QuintoAndar √© uma empresa de tecnologia que nasceu para simplificar a vida de quem busca um novo lar. Estamos revolucionando o mercado imobili√°rio com um modelo de neg√≥cios pioneiro no mundo. Contamos com muita gente bacana para garantir que milhares de pessoas pelo Brasil vivam melhor. Nosso time j√° conta com mais de mil pessoas e temos escrit√≥rios em S√£o Paulo e Campinas. O servi√ßo do QuintoAndar j√° est√° dispon√≠vel em mais de 20 cidades brasileiras.

Sobre trabalhar no QuintoAndar:

Possibilidade de aprendizado;
Oportunidade de trabalhar em um time que busca utilizar as melhores pr√°ticas e ferramentas do mercado;
Atuar em um ambiente informal com uma estrutura horizontal;
Ser parte de um time que trabalha em um projeto de alto impacto e que afeta a vida de milhares de pessoas.



Localiza√ß√£o & Trabalho remoto

Nosso time de tecnologia atua no modelo ""remote-first"", o que significa que estamos trabalhando de casa com a possibilidade de morar em qualquer lugar no Brasil. Temos tamb√©m a op√ß√£o de usar o escrit√≥rio do QuintoAndar em S√£o Paulo e Campinas ou fazer uso de espa√ßos de coworking parceiros, ambos at√© duas vezes por semana.

Em 2022 o QuintoAndar ter√° um centro de tecnologia em Portugal. Se voc√™ reside em Portugal ou est√° na Europa e tem planos de mudar para o pa√≠s, e quer trabalhar com a gente no pr√≥ximo ano, candidate-se e nos informe para nosso time enviar mais informa√ß√µes.

Sobre nosso processo seletivo:

Usualmente dura em m√©dia 30-40 dias, considerando desde a aplica√ß√£o at√© a finaliza√ß√£o da avalia√ß√£o. Passando por:

Triagem dos formul√°rios de aplica√ß√£o
Desafio t√©cnico online
Entrevista por liga√ß√£o com Recrutadores
Entrevista com time de Data + indica√ß√£o de refer√™ncia
Oferta



Analista de Dados no QuintoAndar

Como Analista de Dados no QuintoAndar voc√™ poder√° trabalhar em diversos contextos. Portanto, √© necess√°rio ter uma boa capacidade anal√≠tica e de comunica√ß√£o de tal forma a trazer a melhor solu√ß√£o de dados para o neg√≥cio.

Estamos sempre buscando trabalhar com as melhores ferramentas. Atualmente, utilizamos SQL, Databricks, AWS, Python, Metabase, Looker entre outras. Mas n√£o se preocupe, voc√™ n√£o precisa saber todas, podemos te ensinar aqui e desta forma voc√™ sempre estar√° atualizado em rela√ß√£o √†s tend√™ncias e tecnologias do mercado.

Portanto, para conseguir lidar com essa pluralidade de atua√ß√£o e ferramentas tamb√©m √© da responsabilidade do analista a governan√ßa dos dados e a integra√ß√£o deles no ecossistema da empresa, garantindo que os stakeholders tenham acesso aos dados a qualquer momento.

Requirements

Por favor, considere as seguintes qualidades como muito importantes para esta oportunidade:

Voc√™ √© uma pessoa pragm√°tica e resolve problemas com base em dados;

Voc√™ se sente confort√°vel para fazer quantas perguntas forem necess√°rias para entender o cen√°rio e n√£o se sente limitado pelo status-quo;

Voc√™ sabe como analisar dados e tem um conhecimento b√°sico de estat√≠stica, testes e ferramentas de compara√ß√£o;

Voc√™ sabe SQL o suficiente para consultar um banco de dados e extrair valor.

Ser√° legal se voc√™:

J√° desenvolveu um projeto de an√°lise utilizando m√©todos estat√≠sticos (como m√©todos preditivos e prescritivos), seja em um ambiente de trabalho ou de curso (acad√™mico ou pontual) e tem familiaridade com uma rela√ß√£o pr√≥xima com √°reas parceiras;

Tiver mentalidade anal√≠tica;

Tiver experi√™ncia em apoiar processos de tomada de decis√µes.

Importante:

O nosso processo seletivo come√ßa na inscri√ß√£o! Se voc√™ est√° realmente a fim de fazer parte do nosso time, capriche nessa etapa do processo. N√≥s analisamos todos os candidatos individualmente e damos retorno mesmo para quem n√£o segue no processo;
Toda comunica√ß√£o √© feita por e-mail, ent√£o fique atento √†s nossas mensagens e libere o dom√≠nio @quintoandar.com.br para nossos e-mails n√£o irem parar no spam.



Benefits

Sal√°rio competitivo (Contrato CLT);
Remunera√ß√£o vari√°vel
Ticket refei√ß√£o (vale-alimenta√ß√£o e/ou vale-refei√ß√£o);
Assist√™ncia m√©dica;
Assist√™ncia odontol√≥gica (opcional);
Seguro de vida;
Aux√≠lio creche;
Aux√≠lio para pr√°tica de atividades f√≠sicas (Gympass);
Licen√ßa maternidade e paternidade estendidas;
Espa√ßo para amamenta√ß√£o;
Desconto em estacionamento nos nossos escrit√≥rios
Translado gratuito das esta√ß√µes Vila Madalena e Fradique Coutinho at√© o escrit√≥rio;
Biciclet√°rio gratuito no estacionamento.



Diversidade & Inclus√£o no QuintoAndar

No QuintoAndar, acreditamos que a diversidade de perspectivas e experi√™ncias garantem um ambiente diferenciado de trabalho, baseado no respeito e na valoriza√ß√£o das diferen√ßas. Fique √† vontade para declarar as informa√ß√µes do formul√°rio de inscri√ß√£o. Caso voc√™ n√£o se sinta confort√°vel em respond√™-las √© s√≥ optar por n√£o responder. Essas informa√ß√µes nos ajudam a criar um ambiente cada vez mais inclusivo e s√£o utilizadas apenas para essa finalidade, s√£o confidenciais e n√£o impactar√£o no seu desempenho no processo seletivo.

Todas as nossas vagas est√£o abertas a pessoas com ou sem defici√™ncia. Se voc√™ √© PCD e n√£o encontrou nenhuma vaga de seu interesse, deixe seu curr√≠culo em nosso banco, clicando aqui.

Pol√≠tica de Prote√ß√£o a Dados

Os dados que voc√™ informar no formul√°rio do processo seletivo s√£o confidenciais e est√£o armazenados em ambiente seguro, n√≥s adotamos medidas t√©cnicas e administrativas aptas para proteger os seus dados.

Para exercer os seus direitos sobre os seus dados pessoais, como acesso aos dados, confirma√ß√£o de tratamento, corre√ß√£o dos dados, anonimiza√ß√£o, bloqueio ou elimina√ß√£o e outros direitos com o QuintoAndar, entre em contato com a gente por quin.to/mensagem. Para saber mais sobre como tratamos os dados pessoais no QuintoAndar acesse nossa Pol√≠tica de Privacidade",Assistente,Tempo integral,Tecnologia da informa√ß√£o,Publica√ß√£o na Internet,https://br.linkedin.com/jobs/view/data-analyst-at-quintoandar-2745975155?refId=KQUEM2bajSw5DQ8WB3eGYw%3D%3D&trackingId=bj8%2FQNfQET2777E804pXQg%3D%3D&position=11&pageNum=0&trk=public_jobs_jserp-result_search-card
2022-02-01,Lello Im√≥veis,Analista de Dados J√∫nior,"S√£o Paulo, SP","
        DescriptionProteja-se do CoronavirusCom a propaga√ß√£o cada vez mais r√°pida do novo Coronav√≠rus (Covid-19) n√≥s priorizamos a seguran√ßa de colaboradores, parceiros, clientes e candidatos. Por isso, todos os nossos times est√£o trabalhando de casa. Al√©m disso, adaptamos tamb√©m o processo seletivo de todas as nossas oportunidades para que voc√™ possa realizar as etapas sem sair de casa e se mantendo em seguran√ßa.Sobre o QuintoAndar:O QuintoAndar √© uma empresa de tecnologia que nasceu para simplificar a vida de quem busca um novo lar. Estamos revolucionando o mercado imobili√°rio com um modelo de neg√≥cios pioneiro no mundo. Contamos com muita gente bacana para garantir que milhares de pessoas pelo Brasil vivam melhor. Nosso time j√° conta com mais de mil pessoas e temos escrit√≥rios em S√£o Paulo e Campinas. O servi√ßo do QuintoAndar j√° est√° dispon√≠vel em mais de 20 cidades brasileiras.Sobre trabalhar no QuintoAndar:Possibilidade de aprendizado;Oportunidade de trabalhar em um time que busca utilizar as melhores pr√°ticas e ferramentas do mercado;Atuar em um ambiente informal com uma estrutura horizontal;Ser parte de um time que trabalha em um projeto de alto impacto e que afeta a vida de milhares de pessoas. Localiza√ß√£o & Trabalho remotoNosso time de tecnologia atua no modelo ""remote-first"", o que significa que estamos trabalhando de casa com a possibilidade de morar em qualquer lugar no Brasil. Temos tamb√©m a op√ß√£o de usar o escrit√≥rio do QuintoAndar em S√£o Paulo e Campinas ou fazer uso de espa√ßos de coworking parceiros, ambos at√© duas vezes por semana.Em 2022 o QuintoAndar ter√° um centro de tecnologia em Portugal. Se voc√™ reside em Portugal ou est√° na Europa e tem planos de mudar para o pa√≠s, e quer trabalhar com a gente no pr√≥ximo ano, candidate-se e nos informe para nosso time enviar mais informa√ß√µes.Sobre nosso processo seletivo:Usualmente dura em m√©dia 30-40 dias, considerando desde a aplica√ß√£o at√© a finaliza√ß√£o da avalia√ß√£o. Passando por:Triagem dos formul√°rios de aplica√ß√£oDesafio t√©cnico onlineEntrevista por liga√ß√£o com RecrutadoresEntrevista com time de Data + indica√ß√£o de refer√™nciaOfertaAnalista de Dados no QuintoAndarComo Analista de Dados no QuintoAndar voc√™ poder√° trabalhar em diversos contextos. Portanto, √© necess√°rio ter uma boa capacidade anal√≠tica e de comunica√ß√£o de tal forma a trazer a melhor solu√ß√£o de dados para o neg√≥cio.Estamos sempre buscando trabalhar com as melhores ferramentas. Atualmente, utilizamos SQL, Databricks, AWS, Python, Metabase, Looker entre outras. Mas n√£o se preocupe, voc√™ n√£o precisa saber todas, podemos te ensinar aqui e desta forma voc√™ sempre estar√° atualizado em rela√ß√£o √†s tend√™ncias e tecnologias do mercado.Portanto, para conseguir lidar com essa pluralidade de atua√ß√£o e ferramentas tamb√©m √© da responsabilidade do analista a governan√ßa dos dados e a integra√ß√£o deles no ecossistema da empresa, garantindo que os stakeholders tenham acesso aos dados a qualquer momento.RequirementsPor favor, considere as seguintes qualidades como muito importantes para esta oportunidade:Voc√™ √© uma pessoa pragm√°tica e resolve problemas com base em dados;Voc√™ se sente confort√°vel para fazer quantas perguntas forem necess√°rias para entender o cen√°rio e n√£o se sente limitado pelo status-quo;Voc√™ sabe como analisar dados e tem um conhecimento b√°sico de estat√≠stica, testes e ferramentas de compara√ß√£o;Voc√™ sabe SQL o suficiente para consultar um banco de dados e extrair valor.Ser√° legal se voc√™:J√° desenvolveu um projeto de an√°lise utilizando m√©todos estat√≠sticos (como m√©todos preditivos e prescritivos), seja em um ambiente de trabalho ou de curso (acad√™mico ou pontual) e tem familiaridade com uma rela√ß√£o pr√≥xima com √°reas parceiras;Tiver mentalidade anal√≠tica;Tiver experi√™ncia em apoiar processos de tomada de decis√µes.Importante:O nosso processo seletivo come√ßa na inscri√ß√£o! Se voc√™ est√° realmente a fim de fazer parte do nosso time, capriche nessa etapa do processo. N√≥s analisamos todos os candidatos individualmente e damos retorno mesmo para quem n√£o segue no processo;Toda comunica√ß√£o √© feita por e-mail, ent√£o fique atento √†s nossas mensagens e libere o dom√≠nio @quintoandar.com.br para nossos e-mails n√£o irem parar no spam.BenefitsSal√°rio competitivo (Contrato CLT);Remunera√ß√£o vari√°velTicket refei√ß√£o (vale-alimenta√ß√£o e/ou vale-refei√ß√£o);Assist√™ncia m√©dica;Assist√™ncia odontol√≥gica (opcional);Seguro de vida;Aux√≠lio creche;Aux√≠lio para pr√°tica de atividades f√≠sicas (Gympass);Licen√ßa maternidade e paternidade estendidas;Espa√ßo para amamenta√ß√£o;Desconto em estacionamento nos nossos escrit√≥riosTranslado gratuito das esta√ß√µes Vila Madalena e Fradique Coutinho at√© o escrit√≥rio;Biciclet√°rio gratuito no estacionamento.Diversidade & Inclus√£o no QuintoAndarNo QuintoAndar, acreditamos que a diversidade de perspectivas e experi√™ncias garantem um ambiente diferenciado de trabalho, baseado no respeito e na valoriza√ß√£o das diferen√ßas. Fique √† vontade para declarar as informa√ß√µes do formul√°rio de inscri√ß√£o. Caso voc√™ n√£o se sinta confort√°vel em respond√™-las √© s√≥ optar por n√£o responder. Essas informa√ß√µes nos ajudam a criar um ambiente cada vez mais inclusivo e s√£o utilizadas apenas para essa finalidade, s√£o confidenciais e n√£o impactar√£o no seu desempenho no processo seletivo.Todas as nossas vagas est√£o abertas a pessoas com ou sem defici√™ncia. Se voc√™ √© PCD e n√£o encontrou nenhuma vaga de seu interesse, deixe seu curr√≠culo em nosso banco, clicando aqui.Pol√≠tica de Prote√ß√£o a DadosOs dados que voc√™ informar no formul√°rio do processo seletivo s√£o confidenciais e est√£o armazenados em ambiente seguro, n√≥s adotamos medidas t√©cnicas e administrativas aptas para proteger os seus dados.Para exercer os seus direitos sobre os seus dados pessoais, como acesso aos dados, confirma√ß√£o de tratamento, corre√ß√£o dos dados, anonimiza√ß√£o, bloqueio ou elimina√ß√£o e outros direitos com o QuintoAndar, entre em contato com a gente por quin.to/mensagem. Para saber mais sobre como tratamos os dados pessoais no QuintoAndar acesse nossa Pol√≠tica de Privacidade
      ",Assistente,Tempo integral,Tecnologia da informa√ß√£o,Publica√ß√£o na Internet,https://br.linkedin.com/jobs/view/analista-de-dados-j%C3%BAnior-at-lello-im%C3%B3veis-2898196424?refId=KQUEM2bajSw5DQ8WB3eGYw%3D%3D&trackingId=H%2FiC%2BLdmCxQO9Cz7r8sYDA%3D%3D&position=12&pageNum=0&trk=public_jobs_jserp-result_search-card
2022-02-02,Brainnest,Data Analysis Intern (Remote Internship - Analyst),"Agudos, SP","Job Description

POSITION: Data Analyst Intern

LOCATION: Remote

SCHEDULE: Part-time (10-20h/week)

About Brainnest

The business management and training company headquartered in Bremen, Germany. We are a success-driven firm that provides management advisory and contracting services customized to help companies from different industries with business management problems. Brainnest runs, leads, and manages complex projects and initiatives. We have begun from scratch when a network of professionals, Ph.D. holders, and highly skilled personnel bring to a business table their practical and academic years of experience to form up a concrete blueprint on which the company has been designed. Since 2020, we offer a combination of expertise, proficiency, and commitment leveraging our deep industry experience, along with using analytical rigor to drive outstanding results for businesses. We proudly provide top-class consulting and training services for a wide range of industries around the world. A well-equipped team, advanced tools, and modern methodologies are some of what we correctly utilize to offer our clients what makes them the best in their fields.

Our team is looking for a Data Analysis Intern to join them in the upcoming weeks. This position is great for an aspiring data analysis professional looking to work on business-critical projects and gain relevant work experience.

Your Profile

Strong communication skills with the ability to discuss any issues with a wide variety of individuals and groups
Capability to produce content on time, with attention to detail, and an emphasis on identifying and pitching to a target audience
A well-organized team player with the ability to perform various tasks, act individually, and think creatively
Familiarity with Microsoft applications and Zoom
Willingness to learn and develop data analysis skills
Competitive and proactive attitude
Fluency in English

You Will Learn How To

Get started with business analytics, including accessing and integrating the right data and constructing a data map
Prepare data, explore it visually, and describe it using statistical methods
Think and talk like an analyst
How to collaborate with others in different roles to get the data you need
Turn information into a work of art and intrigue your audience
Use a powerful set of business analytics tools to create and share visualizations with others in the organization
Make smarter, data-driven decisions
Interpret the data you see, find the data you need, and clean the data to work effectively with data
Work with data, including how to import data, work with flat files such as CSV, and create data sets for others
Use predictive tools in business analytics that can help companies make better decisions
Use business analytics tools and techniques to leverage sales data and help organizations get more leads, close more deals, and ultimately increase the number of customers

At Brainnest, we‚Äôre committed to equal employment opportunity regardless of race, color, ancestry, religion, sex, national origin, sexual orientation, age, citizenship, marital status, disability, gender, gender identity or expression, or veteran status. We strive to be a more equal opportunity workplace.

Requirements

Strong communication skills with the ability to discuss any issues with a wide variety of individuals and groups
Capability to produce content on time, with attention to detail, and an emphasis on identifying and pitching to a target audience
A well-organized team player with the ability to perform various tasks, act individually, and think creatively
Familiarity with Microsoft applications and Zoom
Willingness to learn and develop data analysis skills
Competitive and proactive attitude
Fluency in English",Est√°gio,Est√°gio,Tecnologia da informa√ß√£o,Consultoria e servi√ßos empresariais,https://br.linkedin.com/jobs/view/data-analysis-intern-remote-internship-analyst-at-brainnest-2900536408?refId=KQUEM2bajSw5DQ8WB3eGYw%3D%3D&trackingId=Q9o7urBtDCaSfpYf0SX9ow%3D%3D&position=13&pageNum=0&trk=public_jobs_jserp-result_search-card
2022-02-09,Copersucar S/A,Analista de Dados Jr.,"S√£o Paulo, SP","Automatiza√ß√£o/Atualiza√ß√£o/Acesso a base de dados com investidas para atualiza√ß√µes e an√°lises recorrentes da √°rea

An√°lises de mercado para suporte √† tomada de decis√µes das √°reas de neg√≥cio (a√ß√∫car, etanol, log√≠stica).

Acompanhamento do mercado sucroenerg√©tico, considerando o cen√°rio macroecon√¥mico, petr√≥leo, log√≠stica, etc.




Requisitos:




Ensino Superior Engenharia, Administra√ß√£o e afins;

Experi√™ncia com modelagem;

Conhecimento em ferramentas de an√°lises e relat√≥rios (automa√ß√µes/Power BI, Tableau, R, Banco de dados);

Habilidade para lidar com grande n√∫mero de dados e diferentes cen√°rios;




Experi√™ncia em √°reas de intelig√™ncia de mercado e/ou pesquisa em combust√≠veis e commodities;

Ingl√™s Intermedi√°rio




Benef√≠cios:

VT; VR; Assist√™ncia M√©dica e Assist√™ncia Odontol√≥gica (Bradesco);

Aux√≠lio Farm√°cia; Seguro de Vida, Previd√™ncia Privada; PPR",J√∫nior,Tempo integral,Desenvolvimento de neg√≥cios,Com√©rcio e desenvolvimento internacional,https://br.linkedin.com/jobs/view/analista-de-dados-jr-at-copersucar-s-a-2912966525?refId=KQUEM2bajSw5DQ8WB3eGYw%3D%3D&trackingId=480w%2FGJNCkTNevAi5LW9MQ%3D%3D&position=14&pageNum=0&trk=public_jobs_jserp-result_search-card
2022-02-10,AlpargatasVagas,Analista de dados j√∫nior,S√£o Paulo e Regi√£o,"Forma√ß√£o completa em Engenharia, Ci√™ncias da Computa√ß√£o, Sistemas da Informa√ß√£o, Estat√≠stica ou √°reas relacionadas;
Conhecimentos em l√≥gica de programa√ß√£o, estat√≠stica, an√°lise descritiva, tratamento de dados e pensamento anal√≠tico.

A tecnologia da Alpargatas est√° crescendo e j√° ocupa uma posi√ß√£o muito importante para os objetivos da companhia; e com o objetivo de acelerarmos a transforma√ß√£o digital e gerarmos alta performance, atuamos com times multidisciplinares que possibilitam uma experi√™ncia de entrega constante e focada no cliente.

Alguns Desafio Que Ser√£o Tratados Seguem Abaixo

Entender as necessidades do neg√≥cio e conseguir traduzir para a linguagem anal√≠tica.
Realizar o data prep com aplica√ß√£o dos conceitos de missing values, outliers, normaliza√ß√£o, vari√°veis dummy e categoriza√ß√£o.
Realizar testes, depura√ß√£o e refatora√ß√£o nos modelos existentes.
Desenvolver solu√ß√µes aplic√°veis respeitando os conceitos estat√≠sticos (an√°lise explorat√≥ria, teste de hip√≥tese, distribui√ß√µes, densidade e amostragem), an√°lise descritiva e boas pr√°ticas de programa√ß√£o;
Mapear e propor solu√ß√µes que melhorem a governan√ßa dos dados relacionados a clientes;
Dominar o ambiente do Google Analytics e outras fontes de dados, com a capacidade de interpretar e montar relat√≥rios;
Possuir capacidade de aprendizagem cont√≠nua em linguagens de programa√ß√£o e ambientes de analytics.",J√∫nior,Tempo integral,Tecnologia da informa√ß√£o,Servi√ßos de recursos humanos,https://br.linkedin.com/jobs/view/analista-de-dados-j%C3%BAnior-at-alpargatasvagas-2915034407?refId=KQUEM2bajSw5DQ8WB3eGYw%3D%3D&trackingId=KNV1PSi%2BrQPTn8sjvDtsuQ%3D%3D&position=15&pageNum=0&trk=public_jobs_jserp-result_search-card
2022-02-03,Loft,Data Analyst,Brasil,"Sobre n√≥s

A Loft √© uma plataforma digital, que utiliza tecnologia e a colabora√ß√£o de pessoas incr√≠veis para tornar o processo de compra de um im√≥vel mais f√°cil e pr√°tico. Desenvolvemos solu√ß√µes para descomplicar o sonho do novo apartamento em qualquer momento da vida. Para n√≥s, √© poss√≠vel transformar as rela√ß√µes do mercado imobili√°rio em algo simples, seguro e sem surpresas da busca √† entrega das chaves. Aqui, na Loft, queremos construir um mundo onde as pessoas se sintam mais confiantes para realizar seus sonhos. Esse √© o nosso prop√≥sito: Freedom Living.

Fundada em 2018, em S√£o Paulo, a Loft j√° conta com um time de 800 Lofters ao redor do Brasil, e √© apoiada por importantes investidores globais em capital de risco, incluindo a Andreessen Horowitz, a Fifth Wall, a Thrive Capital, QED Investors e a Monashees. E foi reconhecida por dois anos consecutivos pelo LinkedIn como uma das startups mais desejadas para se trabalhar.

Ainda temos muito a fazer para construir um novo mercado imobili√°rio, e voc√™ pode fazer parte dessa mudan√ßa. Vem mudar com a gente!




Se voc√™ √© uma pessoa que:

- Valoriza um ambiente din√¢mico e aprende r√°pido com mudan√ßas de contexto;

- Busca por seu desenvolvimento e ajuda a quem est√° a sua volta;

- Se baseia em fatos e dados para criar solu√ß√µes simples para problemas complexos;

- Tem iniciativa para idealizar e implementar solu√ß√µes de todo porte;

- Valoriza as diferen√ßas e respeita todas as pessoas;

- Se conecta com a oportunidade de construir sonhos para clientes da Loft em meio a uma intensa jornada de desafios.

Voc√™ vai querer construir a Loft com a gente!

Estamos procurando uma pessoa extremamente motivada para se juntar ao nosso time de Asset Management.




Voc√™ ser√° respons√°vel por:

- Gest√£o das bases de dados;

- Construir e monitorar indicadores de performance;

- Desenvolver estudos e an√°lises quantitativas e qualitativas;

- Controle dos indicadores regulat√≥rios dos fundos;

- Monitorar e analisar indicadores econ√¥micos;

- Coletar e analisar dados de mercado para constru√ß√£o de an√°lises e apresenta√ß√µes;

- Modelagem financeira de novas opera√ß√µes e produtos;

- Desenvolver e analisar reportes gerenciais e regulat√≥rios;

- Desenvolver modelos financeiros e dashboards com an√°lises de investimentos;

- Identificar proativamente problemas de dados e realizar an√°lises/diagn√≥sticos de causa raiz.




Para construir os desafios, esperamos que voc√™ tenha:

- Gradua√ß√£o em administra√ß√£o, finan√ßas, engenharia, economia, dentre outras;

- Experi√™ncia de pelo menos 3 anos em finan√ßas, mercado financeiro ou √°reas correlatas;

- Experi√™ncia com extra√ß√£o e an√°lise de dados;

- Excelentes habilidades em Excel/Google Sheets;

- Conhecimentos em SQL e/ou Python (ser√° um diferencial);

- Mindset anal√≠tico e alta adaptabilidade a situa√ß√µes diversas e perfil problem-solver.




Voc√™ poder√° contribuir ainda mais se tiver:

- Conhecimento intermedi√°rio de contabilidade;

- Conhecimento na ferramenta Alteryx.




Voc√™ ser√° uma pessoa bem-vinda ao time se:

- For data driven;

- Team player colaborativo e com bom relacionamento interpessoal;

- Tiver habilidade de comunica√ß√£o escrita e verbal;

- For Auto-motivado, trabalhar de forma independente com fortes habilidades de gerenciamento de tempo;

- Gostar de trabalhar em um ambiente que estimule a autonomia;

- Tiver ambi√ß√£o intelectual e mentalidade de crescimento;

- Tiver interesse em captura, tratamento e an√°lises de dados;

- Desenvolver visualiza√ß√µes de dados, relat√≥rios automatizados e an√°lises ad-hoc para suportar decis√µes estrat√©gicas.




Para tornar sua jornada de trabalho mais flu√≠da, oferecemos benef√≠cios que te d√£o autonomia e seguran√ßa para gerenciar sua rotina e entregas:

- Freedom Living at Work (FL@W)

* Op√ß√µes de trabalho remoto (escolhido junto √† lideran√ßa)

* Full remote - 1x a 2x por ano presencialmente

* Flex - 1x a 2x por semana presencialmente

* Office based - 3x ou mais por semana presencialmente

- Benef√≠cio educa√ß√£o - valor para voc√™ escolher onde investir em cursos, livros, congressos que te desenvolvam profissionalmente;

- Plano de sa√∫de;

- Plano odontol√≥gico;

- Seguro de vida;

- Aux√≠lio-creche;

- Birthday-off

- F√©rias flex√≠veis;

- Licen√ßa maternidade e paternidade estendidas de 06 meses;

- Gympass - programa de academias e de cuidado com a sa√∫de mental;

- VT de acordo com a pol√≠tica da Loft;

- Loft Flex - temos flexibilidade com o saldo de refei√ß√£o, aux√≠lio home office e seu plano de sa√∫de tamb√©m pode ser flex√≠vel.




A Loft vem transformando a maneira com que as pessoas mudam de lar. Mesmo jovem, atra√≠mos investidores globais e os melhores talentos do mercado para reinventar um mercado desafiador. Aqui voc√™ encontra o ambiente ideal para desenvolver projetos que impactam a vida das pessoas e crescer junto com uma empresa em ritmo acelerado.




Entendemos que revolucionar come√ßa dentro de casa e, por isso, vivemos as diferen√ßas estimulando sempre um ambiente inclusivo, independente de g√™nero, ra√ßa, orienta√ß√£o sexual, religi√£o, nacionalidade, idade ou defici√™ncia. Acreditamos que um ambiente diverso seja fundamental para estarmos sempre criativos e cheios de energia.




Estamos de portas abertas para voc√™ construir os melhores projetos da sua vida.",Pleno-s√™nior,Tempo integral,Financeiro e Contabilidade/Auditoria,Loca√ß√µes imobili√°rias,https://br.linkedin.com/jobs/view/data-analyst-at-loft-2904659176?refId=KQUEM2bajSw5DQ8WB3eGYw%3D%3D&trackingId=5XGJ%2B4JeBu58NgGgNashCw%3D%3D&position=16&pageNum=0&trk=public_jobs_jserp-result_search-card
2022-01-15,Shopee,Analista de Dados,"S√£o Paulo, SP","Descri√ß√£o

Desenvolver estrat√©gias, medir desempenho e executar an√°lises de cen√°rios.
Transformar dados e outras fontes de informa√ß√£o em insights, facilitando o processo de tomada de decis√£o.
Preparar e participar de reuni√µes recorrentes, an√°lises de neg√≥cios e workshops para apoiar os neg√≥cios.
Estabelecer relacionamentos com diferentes parceiros dentro da empresa para otimizar e aprimorar os padr√µes de opera√ß√£o.


Requisitos

Superior Completo.
Forte vis√£o de neg√≥cios.
Capacidade de cumprir prazos durante o gerenciamento de v√°rios projetos concorrentes.
Ingl√™s Avan√ßado
Excel avan√ßado, como programa√ß√£o VBA.
S√≥lida experi√™ncia em escrever consultas SQL; Python como diferencial",Assistente,Tempo integral,Tecnologia da informa√ß√£o,"Servi√ßos e consultoria de TI, Servi√ßos de marketing e Publica√ß√£o na Internet",https://br.linkedin.com/jobs/view/analista-de-dados-at-shopee-2912362614?refId=KQUEM2bajSw5DQ8WB3eGYw%3D%3D&trackingId=0gBJBhlM1E7bKV5SEay5xg%3D%3D&position=17&pageNum=0&trk=public_jobs_jserp-result_search-card
2022-02-01,Brainnest,Data Analysis Intern (Remote Internship - Analyst),"S√£o Paulo, SP","POSITION: Data Analyst Intern

LOCATION: Remote

SCHEDULE: Part-time (10-20h/week)

About Brainnest

The business management and training company headquartered in Bremen, Germany. We are a success-driven firm that provides management advisory and contracting services customized to help companies from different industries with business management problems. Brainnest runs, leads, and manages complex projects and initiatives. We have begun from scratch when a network of professionals, Ph.D. holders, and highly skilled personnel bring to a business table their practical and academic years of experience to form up a concrete blueprint on which the company has been designed. Since 2020, we offer a combination of expertise, proficiency, and commitment leveraging our deep industry experience, along with using analytical rigor to drive outstanding results for businesses. We proudly provide top-class consulting and training services for a wide range of industries around the world. A well-equipped team, advanced tools, and modern methodologies are some of what we correctly utilize to offer our clients what makes them the best in their fields.

Our team is looking for a Data Analysis Intern to join them in the upcoming weeks. This position is great for an aspiring data analysis professional looking to work on business-critical projects and gain relevant work experience.

Your Profile

Strong communication skills with the ability to discuss any issues with a wide variety of individuals and groups
Capability to produce content on time, with attention to detail, and an emphasis on identifying and pitching to a target audience
A well-organized team player with the ability to perform various tasks, act individually, and think creatively
Familiarity with Microsoft applications and Zoom
Willingness to learn and develop data analysis skills
Competitive and proactive attitude
Fluency in English

You Will Learn How To

Get started with business analytics, including accessing and integrating the right data and constructing a data map
Prepare data, explore it visually, and describe it using statistical methods
Think and talk like an analyst
How to collaborate with others in different roles to get the data you need
Turn information into a work of art and intrigue your audience
Use a powerful set of business analytics tools to create and share visualizations with others in the organization
Make smarter, data-driven decisions
Interpret the data you see, find the data you need, and clean the data to work effectively with data
Work with data, including how to import data, work with flat files such as CSV, and create data sets for others
Use predictive tools in business analytics that can help companies make better decisions
Use business analytics tools and techniques to leverage sales data and help organizations get more leads, close more deals, and ultimately increase the number of customers

At Brainnest, we‚Äôre committed to equal employment opportunity regardless of race, color, ancestry, religion, sex, national origin, sexual orientation, age, citizenship, marital status, disability, gender, gender identity or expression, or veteran status. We strive to be a more equal opportunity workplace.

",Est√°gio,Tempo integral,Tecnologia da informa√ß√£o,Consultoria e servi√ßos empresariais,https://br.linkedin.com/jobs/view/data-analysis-intern-remote-internship-analyst-at-brainnest-2903209203?refId=KQUEM2bajSw5DQ8WB3eGYw%3D%3D&trackingId=qkQESa565JNzCBp1NMPycw%3D%3D&position=18&pageNum=0&trk=public_jobs_jserp-result_search-card
2022-02-10,INTERA | Talent Hacking,Analista de Dados na S√≥lides (Remoto),"S√£o Paulo, SP","Engenheiro de Dados - Pleno na S√≥lides

--> Inscreva-se:¬†https://bit.ly/3rOc0rk¬†(Copie e cole o link no seu navegador) <--




J√° imaginou fazer parte de uma empresa premiada no¬†TOP OF MIND DE RH?! Queremos escalar seu talento para o time dos sonhos.¬†Vem pra S√≥lides!




FICHA T√âCNICA

Cargo:¬†Engenheiro de Dados
Departamento:¬†Data
N√≠vel:¬†Pleno
Modelo de contrata√ß√£o:¬†CLT
Local de trabalho:¬†Remoto




--> Inscreva-se:¬†https://bit.ly/3rOc0rk¬†(Copie e cole o link no seu navegador) <--




ATIVIDADES PRINCIPAIS

Atuar na manuten√ß√£o, performance de bancos de dados e atividades relacionadas a administra√ß√£o de banco de dados MySQL Aurora;
Automatiza√ß√£o e processos de infra e desenvolvimento;
Fazer a gest√£o de grupos, usu√°rios e acessos aos bancos de dados e demais plataformas do time;
Entender a realidade do time, analisar os gaps nos processos de dados e apresentar melhorias.




--> Inscreva-se:¬†https://bit.ly/3rOc0rk¬†(Copie e cole o link no seu navegador) <--




REQUISITOS

Experi√™ncia intermedi√°ria em outros SGBD‚Äôs, como, SQL Server, PostgreSQL, NoSQL, banco de dados MySQL Aurora.
Conhecimento com processo de ETL;
Conhecimento de cloud (AWS, GCP);
Conhecimento de metodologias √°geis.




--> Inscreva-se:¬†https://bit.ly/3rOc0rk¬†(Copie e cole o link no seu navegador) <--




DIFERENCIAL

Atua√ß√£o em projetos de BI, Big Data;
Experi√™ncia com desenvolvimento (Python).




--> Inscreva-se:¬†https://bit.ly/3rOc0rk¬†(Copie e cole o link no seu navegador) <--",Est√°gio,Tempo integral,Tecnologia da informa√ß√£o,Consultoria e servi√ßos empresariais,https://br.linkedin.com/jobs/view/analista-de-dados-na-s%C3%B3lides-remoto-at-intera-talent-hacking-2914667939?refId=KQUEM2bajSw5DQ8WB3eGYw%3D%3D&trackingId=rbUCjc%2BDom3nidTnhlF3%2BQ%3D%3D&position=19&pageNum=0&trk=public_jobs_jserp-result_search-card
2022-02-01,Brainnest,Data Analysis Intern (Remote Internship - Analyst),"Bras√≠lia, DF","POSITION: Data Analyst Intern

LOCATION: Remote

SCHEDULE: Part-time (10-20h/week)

About Brainnest

The business management and training company headquartered in Bremen, Germany. We are a success-driven firm that provides management advisory and contracting services customized to help companies from different industries with business management problems. Brainnest runs, leads, and manages complex projects and initiatives. We have begun from scratch when a network of professionals, Ph.D. holders, and highly skilled personnel bring to a business table their practical and academic years of experience to form up a concrete blueprint on which the company has been designed. Since 2020, we offer a combination of expertise, proficiency, and commitment leveraging our deep industry experience, along with using analytical rigor to drive outstanding results for businesses. We proudly provide top-class consulting and training services for a wide range of industries around the world. A well-equipped team, advanced tools, and modern methodologies are some of what we correctly utilize to offer our clients what makes them the best in their fields.

Our team is looking for a Data Analysis Intern to join them in the upcoming weeks. This position is great for an aspiring data analysis professional looking to work on business-critical projects and gain relevant work experience.

Your Profile

Strong communication skills with the ability to discuss any issues with a wide variety of individuals and groups
Capability to produce content on time, with attention to detail, and an emphasis on identifying and pitching to a target audience
A well-organized team player with the ability to perform various tasks, act individually, and think creatively
Familiarity with Microsoft applications and Zoom
Willingness to learn and develop data analysis skills
Competitive and proactive attitude
Fluency in English

You Will Learn How To

Get started with business analytics, including accessing and integrating the right data and constructing a data map
Prepare data, explore it visually, and describe it using statistical methods
Think and talk like an analyst
How to collaborate with others in different roles to get the data you need
Turn information into a work of art and intrigue your audience
Use a powerful set of business analytics tools to create and share visualizations with others in the organization
Make smarter, data-driven decisions
Interpret the data you see, find the data you need, and clean the data to work effectively with data
Work with data, including how to import data, work with flat files such as CSV, and create data sets for others
Use predictive tools in business analytics that can help companies make better decisions
Use business analytics tools and techniques to leverage sales data and help organizations get more leads, close more deals, and ultimately increase the number of customers

At Brainnest, we‚Äôre committed to equal employment opportunity regardless of race, color, ancestry, religion, sex, national origin, sexual orientation, age, citizenship, marital status, disability, gender, gender identity or expression, or veteran status. We strive to be a more equal opportunity workplace.

",Est√°gio,Tempo integral,Tecnologia da informa√ß√£o,Consultoria e servi√ßos empresariais,https://br.linkedin.com/jobs/view/data-analysis-intern-remote-internship-analyst-at-brainnest-2903206462?refId=KQUEM2bajSw5DQ8WB3eGYw%3D%3D&trackingId=1ticS1bPj3EFiuSG67XlIA%3D%3D&position=20&pageNum=0&trk=public_jobs_jserp-result_search-card
2022-01-19,Mercado Livre,Analista J√∫nior de Dados de Roteiriza√ß√£o - Mercado Envios,"Leopoldina, MG","No Mercado Livre estamos democratizando o com√©rcio, o dinheiro e os pagamentos na Am√©rica Latina.

No Mercado Envios administramos o estoque de nossos vendedores e entregamos os produtos aos nossos compradores, melhorando sua experi√™ncia em nossa plataforma. Em um mundo em constante evolu√ß√£o, nossa capacidade para entregar rapidamente os produtos que s√£o comprados atrav√©s do Mercado Livre tornou-se um requisito para competir. Fa√ßa parte da equipe que est√° liderando a log√≠stica na Am√©rica Latina, oferecendo solu√ß√µes customizadas de classe mundial e integrando carriers locais e regionais, atrav√©s de um com√©rcio que n√£o reconhece fronteiras.

Temos um desafio para as pessoas que:

Vibram energia empreendedora: s√£o movidas pela curiosidade, nunca desistem e est√£o focadas em superar seus pr√≥prios limites.
D√£o o m√°ximo, porque adoram trabalhar com compromisso e dedica√ß√£o.
Encaram as mudan√ßas como oportunidades e aprendem com seus erros.
A excel√™ncia e a execu√ß√£o s√£o primordiais na sua forma de fazer as coisas.
Promovem o bom clima, a alegria e a divers√£o.
Sabem como construir com outras pessoas e desfrutam trabalhando em equipe.

Imagine voc√™ empreendendo projetos desafiadores, din√¢micos e inovadores, e sendo respons√°vel por:

Criar e manter pain√©is de gest√£o a partir da extra√ß√£o e manipula√ß√£o de dados.
Gerar novos insights baseando-se nas an√°lises dos dados e transmitir a informa√ß√£o de forma clara para pessoal sem conhecimentos t√©cnicos.
Realizar a automatiza√ß√£o dos processos operacionais, aumentando a efici√™ncia da equipe.
Monitorar os indicadores de performance da roteiriza√ß√£o, garantindo que estejam em constante evolu√ß√£o e analisando a causa-raiz de poss√≠veis desvios.

Requisitos:

Possuir forma√ß√£o superior completa em Engenharia, Matem√°tica, Estat√≠stica ou √°reas correlatas, al√©m de dominar SQL e o pacote Office, incluindo Excel, Word, PowerPoint, etc.
Possuir experi√™ncia na extra√ß√£o e na an√°lise de dados, sendo considerado desej√°vel ter trabalhado nas rotinas log√≠sticas.
Ter disponibilidade para atuar de segunda a s√°bado em hor√°rio comercial na Vila Leopoldina, no estado de S√£o Paulo.

N√≥s lhe propomos:

Ser parte de uma empresa com esp√≠rito empreendedor, na qual adoramos pensar grande e em longo prazo.
Ser protagonista de seu desenvolvimento em um ambiente de oportunidades, aprendizagem, crescimento, expans√£o e projetos desafiadores.
Compartilhar e aprender em equipe, com excelentes profissionais e especialistas.
Um excelente clima de trabalho, com todo o necess√°rio para voc√™ viver uma grande experi√™ncia. :)

No Mercado Livre, trabalhamos para promover uma cultura inclusiva, que busca a equidade e valoriza as diferentes perspectivas. Isso se traduz em G√™nero, Religi√£o, Pessoas com Defici√™ncia, LGBTQ+, Etnia e diversidade de experi√™ncias. Trabalhamos todas as nossas vagas com base nessa premissa. Fa√ßa parte do nosso time!",J√∫nior,Tempo integral,"Analista, Engenharia e Tecnologia da informa√ß√£o",Publica√ß√£o na Internet,https://br.linkedin.com/jobs/view/analista-j%C3%BAnior-de-dados-de-roteiriza%C3%A7%C3%A3o-mercado-envios-at-mercado-livre-2881147290?refId=KQUEM2bajSw5DQ8WB3eGYw%3D%3D&trackingId=VzjFr2ePQncxPekyXjkDaw%3D%3D&position=21&pageNum=0&trk=public_jobs_jserp-result_search-card
2022-02-01,Brainnest,Data Analysis Intern (Remote Internship - Analyst),"Rio de Janeiro, RJ","POSITION: Data Analyst Intern

LOCATION: Remote

SCHEDULE: Part-time (10-20h/week)

About Brainnest

The business management and training company headquartered in Bremen, Germany. We are a success-driven firm that provides management advisory and contracting services customized to help companies from different industries with business management problems. Brainnest runs, leads, and manages complex projects and initiatives. We have begun from scratch when a network of professionals, Ph.D. holders, and highly skilled personnel bring to a business table their practical and academic years of experience to form up a concrete blueprint on which the company has been designed. Since 2020, we offer a combination of expertise, proficiency, and commitment leveraging our deep industry experience, along with using analytical rigor to drive outstanding results for businesses. We proudly provide top-class consulting and training services for a wide range of industries around the world. A well-equipped team, advanced tools, and modern methodologies are some of what we correctly utilize to offer our clients what makes them the best in their fields.

Our team is looking for a Data Analysis Intern to join them in the upcoming weeks. This position is great for an aspiring data analysis professional looking to work on business-critical projects and gain relevant work experience.

Your Profile

Strong communication skills with the ability to discuss any issues with a wide variety of individuals and groups
Capability to produce content on time, with attention to detail, and an emphasis on identifying and pitching to a target audience
A well-organized team player with the ability to perform various tasks, act individually, and think creatively
Familiarity with Microsoft applications and Zoom
Willingness to learn and develop data analysis skills
Competitive and proactive attitude
Fluency in English

You Will Learn How To

Get started with business analytics, including accessing and integrating the right data and constructing a data map
Prepare data, explore it visually, and describe it using statistical methods
Think and talk like an analyst
How to collaborate with others in different roles to get the data you need
Turn information into a work of art and intrigue your audience
Use a powerful set of business analytics tools to create and share visualizations with others in the organization
Make smarter, data-driven decisions
Interpret the data you see, find the data you need, and clean the data to work effectively with data
Work with data, including how to import data, work with flat files such as CSV, and create data sets for others
Use predictive tools in business analytics that can help companies make better decisions
Use business analytics tools and techniques to leverage sales data and help organizations get more leads, close more deals, and ultimately increase the number of customers

At Brainnest, we‚Äôre committed to equal employment opportunity regardless of race, color, ancestry, religion, sex, national origin, sexual orientation, age, citizenship, marital status, disability, gender, gender identity or expression, or veteran status. We strive to be a more equal opportunity workplace.

",Est√°gio,Tempo integral,Tecnologia da informa√ß√£o,Consultoria e servi√ßos empresariais,https://br.linkedin.com/jobs/view/data-analysis-intern-remote-internship-analyst-at-brainnest-2903207365?refId=KQUEM2bajSw5DQ8WB3eGYw%3D%3D&trackingId=drR2pSCaLOjcykqBLqN26A%3D%3D&position=22&pageNum=0&trk=public_jobs_jserp-result_search-card
2022-02-07,T10,Data Analyst JR-PL,Brasil,"Ol√°, tudo bem?

Que tal fazer parte de uma equipe que est√° revolucionando o setor de consultoria em Tecnologia no Brasil, com foco total em transforma√ß√£o digital? üöÄ

Esta √© uma oportunidade para integrar o time de Dados da T10, compartilhar conhecimentos (e ideias) e colaborar em projetos desafiadores e de alto n√≠vel t√©cnico. Nos projetos que te aguardam, voc√™ ser√° uma pessoa central no desenvolvimento dos mesmos, parte de uma equipe talentosa e com opini√µes bem formadas sobre como softwares e projetos de dados devem ser desenhados, modelados e implementados.

Essa Vaga √© Pra Voc√™ Que

Preza pela boa organiza√ß√£o pessoal e autogest√£o
√â uma pessoa curiosa, questionadora e atenta aos detalhes
Possui habilidade para se adaptar rapidamente √†s mudan√ßas de cen√°rio
Deseja estar em uma posi√ß√£o de autonomia no trabalho
Curte observar cen√°rios, identificar problemas, riscos e oportunidades
Possui boa comunica√ß√£o interpessoal com times internos e clientes

Curtiu? O Reino te espera üöÄ

Responsabilidades e atribui√ß√µes

O que ser√° esperado de voc√™?

Voc√™ deve se sentir confort√°vel em realizar as seguintes atividades:

Entender sobre o neg√≥cio e como os dados existentes influenciam na tomada de decis√£o: estrat√©gias, necessidades e oportunidades.
Investiga√ß√µes com pessoas interessadas do projeto, identificando dores e propondo solu√ß√µes atrav√©s da visualiza√ß√£o de dados.
Design e implementa√ß√£o de indicadores-chave atrav√©s da avalia√ß√£o de diversas √°reas de neg√≥cio em uma institui√ß√£o financeira.
Elaborar, otimizar e implementar dashboards junto ao time de projetos.
Comunica√ß√£o com stakeholders para identifica√ß√£o de necessidades.
Tradu√ß√£o de necessidades do cliente em entregas fact√≠veis.

Requisitos e qualifica√ß√µes

Experi√™ncia Com

Espera-se experi√™ncia participativa em projetos que lidaram com:

Cria√ß√£o e comunica√ß√£o de hist√≥rias atrav√©s de dados para diferentes stakeholders;
Manuseio e manipula√ß√£o de datasets de diferentes origens com ferramentas de explora√ß√£o eficientes;
Ferramentas de an√°lises e visualiza√ß√£o de dados;
Comunica√ß√£o e entrevistas com usu√°rios;
Familiaridade do ciclo de vida de projetos de dados;
Conhecimento cultura √°gil: rituais e cerim√¥nias;
Documenta√ß√µes t√©cnicas, dashboards, dados.

Conhecimento Em

2+ anos trabalhando profissionalmente como analista de dados;
Profici√™ncia em base de dados relacionais e consultas SQL;
Modelagem multi-dimensional e em ambientes de business intelligence;
Fundamentos e boas pr√°ticas de data visualization e data storytelling;
Cria√ß√£o de design para dashboards;
DAX intermedi√°rio;
Estat√≠stica intermedi√°ria;
Conceitos de BI;
Ferramentas de visualiza√ß√£o de dados - Power BI.

B√¥nus

Conhecimentos b√°sicos IBM Cognos;
Conhecimento em linguagem M;
Experi√™ncia com manipula√ß√£o e an√°lise de grande volume de dados sob m√∫ltiplas perspectivas.

Informa√ß√µes adicionais

Est√° √© uma posi√ß√£o 100% remota. Para fins trabalhistas, previdenci√°rios, tribut√°rios, fiscais e sindicais fixa-se como Localidade Base Contratual a cidade de Uberl√¢ndia - MG.
Remunera√ß√£o competitiva CLT. Nosso objetivo maior √© realizar um trabalho de alta qualidade e com impactos reais; e entendemos que isso tem um custo.
Benef√≠cios: VA/VR, Aux√≠lio Home Office, Aux√≠lio Sa√∫de Mental, Conv√™nio M√©dico e Odontol√≥gico, Gympass, Equipamento e Day Off de Anivers√°rio.",N√£o aplic√°vel,Tempo integral,Tecnologia da informa√ß√£o,Servi√ßos e consultoria de TI,https://br.linkedin.com/jobs/view/data-analyst-jr-pl-at-t10-2910961286?refId=KQUEM2bajSw5DQ8WB3eGYw%3D%3D&trackingId=NjNiG1V90uHcAqaOOoduxQ%3D%3D&position=23&pageNum=0&trk=public_jobs_jserp-result_search-card
2022-02-07,Pitzi,Analista de Dados Jr,"Osasco, SP","Descri√ß√£o da empresa

Fundada em 2012, a Pitzi trabalha ao lado das principais seguradoras do pa√≠s para fazer do seguro de celular algo encantador. Investindo em tecnologia e focando em pilares de Velocidade, Informa√ß√£o e Empatia, a empresa construiu uma cadeia de suprimentos inovadora, centrada em log√≠stica reversa, f√°bricas de remanufatura e processamento digital de sinistros. Com isso, n√£o s√≥ ajuda a resolver grandes desafios do setor, como tamb√©m cria experi√™ncias humanas fant√°sticas para parceiros e consumidores.

Temos um time de alto n√≠vel, que tem como prop√≥sito autodesenvolvimento e est√° 100% voltado √† filosofia Customer Centric.

Somos certificados pela GPTW. O Great Place to Work √© uma consultoria global que apoia organiza√ß√µes a obterem melhores resultados por meio de uma cultura de confian√ßa, alto desempenho e inova√ß√£o.

Nossa miss√£o √© promover a liberdade para conectar, superar expectativas ao reconectar.

Temos como valores:

Focamos no cliente
Sonhamos grande
Sem risco, sem gra√ßa
Amamos pareto
Somos essencialistas
Mandamos a real
Colocamos a m√£o na massa
Assumimos a responsa
Um por todos e todos por um
Valorizamos impacto

Descri√ß√£o Time: N√≥s, da √°rea de intelig√™ncia, somos respons√°veis por mergulhar nos dados para ajudar a maximizar resultados e identificar oportunidades e amea√ßas para o neg√≥cio atrav√©s de an√°lises, gera√ß√£o de relat√≥rios e, principalmente, constru√ß√£o de ferramentas que auxiliem na tomada de decis√µes mais inteligentes e acompanhem os impactos de nossas a√ß√µes.

Responsabilidades do cargo: Como analista de dados seu foco ser√° desenvolver melhorias, atualizar e dar manuten√ß√£o √†s ferramentas de BI para um melhor mapeamento dos resultados em cada setor dos servi√ßos da empresa. As informa√ß√µes s√£o vitais para valida√ß√£o de cada uma das a√ß√µes implementadas e trazer a vis√£o do todo atrav√©s de toda intelig√™ncia de dados.

Qualifica√ß√µes obrigat√≥rias:

Curiosidade e vontade de aprender
Perfil anal√≠tico voltado √† solu√ß√£o de problemas
Experi√™ncia com cria√ß√£o de gr√°ficos e apresenta√ß√µes
Conhecimento em constru√ß√£o de queries em PostgreSQL
Curso superior (completo ou em andamento) em ci√™ncia da computa√ß√£o, engenharias ou cursos correlatos
Conhecimento intermedi√°rio no pacote Office

Qualifica√ß√µes diferenciais:

Experi√™ncia com Tableau e ou outras ferramentas de BI
Entendimento de matem√°tica / estat√≠stica

Benef√≠cios [CLT]:

Ticket refei√ß√£o (Benef√≠cio flex√≠vel)
Aux√≠lio-transporte (vale-transporte)
Plano de sa√∫de (m√©dico e odontol√≥gico)
Antecipa√ß√£o de Sal√°rio
Uma folga no m√™s de anivers√°rio
Eventos de descompress√£o na sexta-feira
Seguro de vida coletivo
Ambiente descontra√≠do
Sem dress code
Programa de investimento em cursos
B√¥nus

A Pitzi valoriza a inclusaÃÉo e diversidade da equipe, por isso incentiva a candidatura de pessoas negras, ind√≠genas, LGBTQIA+, mulheres, transtorno do espectro do autista e pessoas da AmazoÃÇnia Legal Brasileira no processo seletivo.",N√£o aplic√°vel,Tempo integral,Tecnologia da informa√ß√£o,Publica√ß√£o na Internet,https://br.linkedin.com/jobs/view/analista-de-dados-jr-at-pitzi-2911868490?refId=KQUEM2bajSw5DQ8WB3eGYw%3D%3D&trackingId=cWny0Wo3zxOuQLSjj%2BwBWQ%3D%3D&position=24&pageNum=0&trk=public_jobs_jserp-result_search-card
2022-02-07,flip.,Analista de dados J√∫nior,"S√£o Paulo, SP","DESCRI√á√ÉO DA VAGA

Empresa enxuta e em desenvolvimento, encontrar√° desafios novos e muita oportunidade de ajudar nas decis√µes e

caminhos da √°rea.

√Årea inexistente na empresa, o candidato ter√° oportunidade de ajudar na cria√ß√£o e evolu√ß√£o da √°rea.

Atividades

Gerar relat√≥rios para usu√°rios chaves;
Criar e gerenciar dashboards em ferramenta interna;
Retirar lista e promover insights de neg√≥cio;

REQUISITOS DA VAGA

Conhecimentos em SQL (T-SQL);
Racioc√≠nio l√≥gico e anal√≠tico;
Conhecimento intermedi√°rio para avan√ßado em Excel;
Conhecimento de ferramentas de an√°lises (Metabase, Redash, Google Data Studio, Databricks, etc) - diferencial;
Conhecimento em modelagem de dados - diferencial

BENEF√çCIOS DA VAGA

F√©rias remuneradas

INFORMA√á√ïES ADICIONAIS

Contrato: PJ",J√∫nior,Tempo integral,Tecnologia da informa√ß√£o,Servi√ßos financeiros,https://br.linkedin.com/jobs/view/analista-de-dados-j%C3%BAnior-at-flip-2908010566?refId=KQUEM2bajSw5DQ8WB3eGYw%3D%3D&trackingId=sbSXbf1U%2F%2BbqJjMRzHGTlg%3D%3D&position=25&pageNum=0&trk=public_jobs_jserp-result_search-card
